TASK: nlg , 0
{'Bleu_1': 0.28263880402460195, 'Bleu_2': 0.17882583854283954, 'Bleu_3': 0.1283356108953985, 'Bleu_4': 0.09838677009545957, 'ROUGE_L': 0.24747447192612157, 'CIDEr': 0.7292270043750194}
